posted_date,applied,title,company,location,salary_preview,job_link,search_criteria,hash_id
03/07/24,No,"Software Engineer, Early Career","Viasat, Inc.","Carlsbad, CA 92009 
(North Beach area)","$84,600 - $147,000 a year",https://www.indeed.com/rc/clk?jk=c001397d789f06de&bb,14|Software Engineer|0kf%3Aexplvl(ENTRY_LEVEL)|(fulltime)|California,7b39e8590423383f60b3df57aa3997c05ede90e88d4ff431b3b4fddfe55a8b06
02/27/24,No,Fullstack Software Engineer,PermitFlow,"Remote in Ontario, CA","$125,000 - $190,000 a year",https://www.indeed.com/rc/clk?jk=8ed730b76bd9735b&bb,14|Software Engineer|0kf%3Aexplvl(ENTRY_LEVEL)|(fulltime)|California,21f86f1af8e075f48cc1c1fe6142bfc4714846cd6a9b30975e2df08b4b63f9d2
03/08/24,No,Web UI Engineer (L5) - Games UI,Netflix,"Los Gatos, CA",N/A,https://www.indeed.com/rc/clk?jk=e6aec28a22a797cb&bb,14|Software Engineer|0kf%3Aexplvl(ENTRY_LEVEL)|(fulltime)|California,0617c02512b2f474cc6ffe3904aa35c19ef255e9ad5a6740179772d897b52dd5
03/07/24,No,Junior Software Developer (Python) (Hybrid Remote),Reli.,"Hybrid remote in Los Angeles, CA","$65,000 a year",https://www.indeed.com/rc/clk?jk=241f02b607af21fe&bb,14|Software Engineer|0kf%3Aexplvl(ENTRY_LEVEL)|(fulltime)|California,4678a621c4658dfccb669d6a83fef8040a775f0456df3b8b3707137c0e3aed02
03/12/24,No,Software Engineer - Big Data Technologies,Apple,"San Diego, CA","$110,219.20 - $198,100.00 a year",https://www.indeed.com/rc/clk?jk=7ffec3df0531a571&bb,14|Software Engineer|0kf%3Aexplvl(ENTRY_LEVEL)|(fulltime)|California,f0bdd1a60c40ab34a0797c101dd3993cf450b9424e304bbfcf8b3e746fcd38f4
03/06/24,No,Software Engineer 1 - University Graduate,PayPal,"San Jose, CA",N/A,https://www.indeed.com/rc/clk?jk=326e19506683581c&bb,14|Software Engineer|0kf%3Aexplvl(ENTRY_LEVEL)|(fulltime)|California,a360677ca3c086bec21ab5ab34b91496f59211378692d0b66b099df4e9c1dbb5
03/08/24,No,DevOps Engineer,California Air Resources Board,"Hybrid remote in Sacramento, CA 95814",N/A,https://www.indeed.com/rc/clk?jk=cc0d2acc19063b0b&bb,14|Software Engineer|0kf%3Aexplvl(ENTRY_LEVEL)|(fulltime)|California,209402ba5bbde09cf2ad4d9a7334bc96fb8af9e59eb97c0e45e822986b622b2e
03/01/24,No,"Software Validation Engineer, Update Systems",Tesla,"Palo Alto, CA","$104,000 - $348,000 a year",https://www.indeed.com/rc/clk?jk=2c9c8796d0d41f4e&bb,14|Software Engineer|0kf%3Aexplvl(ENTRY_LEVEL)|(fulltime)|California,5d16b6202b929f5fe87757bb8e860034cac0a7210cc8471c63b23a29eb4f66a4
03/08/24,No,Software Engineer,Microsoft,"Mountain View, CA 94043",N/A,https://www.indeed.com/rc/clk?jk=bb88aa58a101ec08&bb,14|Software Engineer|0kf%3Aexplvl(ENTRY_LEVEL)|(fulltime)|California,40094066f7f958ab2ef991f931e155dd15335fd079b5bc90fd192d8b847e1d27
03/07/24,No,Software Engineering SMTS,Salesforce,"San Francisco, CA 94105 
(Financial District/South Beach area)","$147,368 - $227,700 a year",https://www.indeed.com/rc/clk?jk=263fe9ea6c06ad2c&bb,14|Software Engineer|0kf%3Aexplvl(ENTRY_LEVEL)|(fulltime)|California,b38827cd9baf211d5280ca95ef1c7dc201bcf544cd13dfd6a5da73ab66d79312
03/01/24,No,"Software Engineer, Gateway Validation",Tesla,"Palo Alto, CA",N/A,https://www.indeed.com/rc/clk?jk=bec191c0600fefe3&bb,14|Software Engineer|0kf%3Aexplvl(ENTRY_LEVEL)|(fulltime)|California,d3c906aaaad0df64f3cc88a8468f2f18dbeb0c2a25cc1fc74de1c1ec617aeaed
03/06/24,No,Fullstack Software Engineer,Envoy,"Hybrid remote in San Francisco, CA",N/A,https://www.indeed.com/rc/clk?jk=8654063c5702dc87&bb,14|Software Engineer|0kf%3Aexplvl(ENTRY_LEVEL)|(fulltime)|California,91a1630f8d4ce088fcaaa1612a33d8cfd1a39b5721224f924891d1010ddb3c3b
03/07/24,No,Software Engineer (Payments),AppFolio,"San Diego, CA 92123","$106,000 - $125,000 a year",https://www.indeed.com/rc/clk?jk=26e5d5cea3256efe&bb,14|Software Engineer|0kf%3Aexplvl(ENTRY_LEVEL)|(fulltime)|California,087a2ccdc51fce921875e19a52f2b2aa818c938800b69350afbbd8c5751bda9c
02/28/24,No,Software Engineer,Mudrasys,"Pleasanton, CA 94588",N/A,https://www.indeed.com/rc/clk?jk=9b99ab6e0c672d53&bb,14|Software Engineer|0kf%3Aexplvl(ENTRY_LEVEL)|(fulltime)|California,e6d6ec7b9efed0e3482a358eb772af593afdd157e90ea7d1e43e0f64a899d538
03/10/24,No,WiFi Performance Software Engineer,Apple,"Cupertino, CA","$138,900 - $256,500 a year",https://www.indeed.com/rc/clk?jk=8f0f8d1fda732929&bb,14|Software Engineer|0kf%3Aexplvl(ENTRY_LEVEL)|(fulltime)|California,3b726061dfc6bd9a0733dad7d04272cc254fd88bdca9208781471fac3fe2cd45
03/08/24,No,Software Development Engineer 4,Adobe,"San Jose, CA 95110 
(Downtown area)","$124,000 - $234,200 a year",https://www.indeed.com/rc/clk?jk=2c9af04363478793&bb,14|Software Engineer|0kf%3Aexplvl(ENTRY_LEVEL)|(fulltime)|California,5f2d090e62a1710ab9a368ae1bd08bcd01a00aba53e1fd0ae97e90677ebb2058
03/08/24,No,Software Tools Development Engineer - CoreOS,Apple,"Cupertino, CA","$116,105.60 - $208,300.00 a year",https://www.indeed.com/rc/clk?jk=4a179620e3259d8a&bb,14|Software Engineer|0kf%3Aexplvl(ENTRY_LEVEL)|(fulltime)|California,ed36aff746eedcf70383d43e0a26670517cb46be74a3d21c57acc3778f7688d2
03/05/24,No,UI Software Engineer,Zazzle,"Hybrid remote in Menlo Park, CA",N/A,https://www.indeed.com/rc/clk?jk=200a5edf66f3bcc4&bb,14|Software Engineer|0kf%3Aexplvl(ENTRY_LEVEL)|(fulltime)|California,ea500c442bc59a1639ce4d06a6471aa12492aca7e5db7fc1d69f3ddd640bb503
02/28/24,No,Wireless Bluetooth Software Engineer,Apple,"San Diego, CA","$131,500 - $243,300 a year",https://www.indeed.com/rc/clk?jk=d97780d5f681efce&bb,14|Software Engineer|0kf%3Aexplvl(ENTRY_LEVEL)|(fulltime)|California,ea67cf0baa5e6f57f1b08fae69f088ff25849ed0b5f6bab05cd8e7cf0ec72267
03/12/24,No,Software Quality Engineer,Lawrence Livermore National Laboratory,"Livermore, CA","$159,330 - $204,636 a year",https://www.indeed.com/rc/clk?jk=7a25e10ffcaca4b5&bb,14|Software Engineer|0kf%3Aexplvl(ENTRY_LEVEL)|(fulltime)|California,fd62ede04839684e6aef363907ab4f5e9a2ec067d20858c47f0f002be8c185cc
03/02/24,No,Full Stack Engineer,Aven,"San Francisco, CA",N/A,https://www.indeed.com/rc/clk?jk=a334d9c306eec5b8&bb,14|Software Engineer|0kf%3Aexplvl(ENTRY_LEVEL)|(fulltime)|California,75018f40a79f29f41b1b87508581edb09473a623042a5126d8ac9952e2045d20
03/12/24,No,"Software Engineer, Audio Infrastructure",Apple,"Cupertino, CA","$138,900 - $256,500 a year",https://www.indeed.com/rc/clk?jk=1e6a28ec470ede19&bb,14|Software Engineer|0kf%3Aexplvl(ENTRY_LEVEL)|(fulltime)|California,f8bb8fdfa57168ea0aea5eb4996af08ed6141758418ad85bbd6b04cdcc9e8f13
03/04/24,No,"Software Engineer, Design & Fabrication",Rigetti Computing,"Hybrid remote in Fremont, CA",N/A,https://www.indeed.com/rc/clk?jk=6bab36a18ac8f400&bb,14|Software Engineer|0kf%3Aexplvl(ENTRY_LEVEL)|(fulltime)|California,c4667c0facebbed5fbdd4ded674db1fb436de4e44b526d0a39bc5efca274cd09
03/07/24,No,Software Engineer (Product Engineering),Velocity Tech Inc,"Sunnyvale, CA",$90 - $110 an hour,https://www.indeed.com/rc/clk?jk=179d5875d3ab8786&bb,14|Software Engineer|0kf%3Aexplvl(ENTRY_LEVEL)|(fulltime)|California,71473a68188f3e0d8013525fb414ce14e3e30813a8a123431812ea67c1fc4d82
03/05/24,No,Developer,SAP,"Palo Alto, CA 94304",N/A,https://www.indeed.com/rc/clk?jk=cfceff00ebc1f83c&bb,14|Software Engineer|0kf%3Aexplvl(ENTRY_LEVEL)|(fulltime)|California,7e5f6c5cc1ede39cb9ad2879866625b7657b908c433ee178233cccbb9a12ce8a
03/04/24,No,"Software Development Engineer in Test, Backup and Migration",Apple,"Cupertino, CA","$138,900 - $256,500 a year",https://www.indeed.com/rc/clk?jk=e9369cac3d77ac15&bb,14|Software Engineer|0kf%3Aexplvl(ENTRY_LEVEL)|(fulltime)|California,f79d62cc0edbc360ce7fc84a66b167c31e20e88b263129a8aeb94b062998f693
03/10/24,No,UI Web Engineer / Client - iCloud ASE,Apple,"Cupertino, CA","$170,700 - $300,200 a year",https://www.indeed.com/rc/clk?jk=05be320a96bfaf88&bb,14|Software Engineer|0kf%3Aexplvl(ENTRY_LEVEL)|(fulltime)|California,546001f683d025c208dc2de3214ea4ecfc74247a36417deff4e552cc7e3fd957
02/28/24,No,"Software Integrity Engineer, Photos",Apple,"Cupertino, CA","$107,500 - $223,500 a year",https://www.indeed.com/rc/clk?jk=d9be217fdbdff2af&bb,14|Software Engineer|0kf%3Aexplvl(ENTRY_LEVEL)|(fulltime)|California,83957ac1841a38e57dacf8104a6415b4ab056e7a73c43e69b27ac874ff0c489f
03/07/24,No,"Software Integration Engineer, Intelligent System Experience",Apple,"San Diego, CA","$131,500 - $243,300 a year",https://www.indeed.com/rc/clk?jk=ed20f6382f944f48&bb,14|Software Engineer|0kf%3Aexplvl(ENTRY_LEVEL)|(fulltime)|California,e9716d9b6d86d8333ee83f54c7e2434422a658f2f9b2367eb73aa7b2da55de73
03/11/24,No,Value Engineer - Software,Celonis SE,"San Francisco, CA",N/A,https://www.indeed.com/rc/clk?jk=b0e145e7edebf2e9&bb,14|Software Engineer|0kf%3Aexplvl(ENTRY_LEVEL)|(fulltime)|California,6809f7ef547f6170b504ea97a8263dee1bbe840353b94096e58069bf1fbd629a
03/02/24,No,Software Data Engineer - Analytical Engineering - Apple Media Products,Apple,"Cupertino, CA","$138,900 - $256,500 a year",https://www.indeed.com/rc/clk?jk=ac796f2adc3f3afc&bb,14|Software Engineer|0kf%3Aexplvl(ENTRY_LEVEL)|(fulltime)|California,397c9c46ddeebcd1e2bcf3b30f69e6e9342020af2cdbb1c85da80fc4cce30119
03/04/24,No,SwiftData Frameworks Engineer,Apple,"Cupertino, CA","$138,900 - $256,500 a year",https://www.indeed.com/rc/clk?jk=c39e1e3b03be9772&bb,14|Software Engineer|0kf%3Aexplvl(ENTRY_LEVEL)|(fulltime)|California,fad5c8ecee0f143f4e41c6757e0bfa9b4fd62475ae2d48042d7f28a012a74dc0
03/06/24,No,"Software Engineer, Finetuning Infrastructure",Cohere,"San Francisco, CA",N/A,https://www.indeed.com/rc/clk?jk=67bba8f5fd710cdc&bb,14|Software Engineer|0kf%3Aexplvl(ENTRY_LEVEL)|(fulltime)|California,95b549dbffce88b2ee6633e1fc9f8dc9efd36be81f7e5f78c2762f09f709a3bb
02/28/24,No,AI Software Engineer,Month2Month,"Irvine, CA 92606 
(San Joaquin Marsh area)",N/A,https://www.indeed.com/rc/clk?jk=9a18ff10d648c356&bb,14|Software Engineer|0kf%3Aexplvl(ENTRY_LEVEL)|(fulltime)|California,661fd4df1caf623762e1edc8a5d1d90f42e7783ee24ada28a279e89a42d596b1
02/28/24,No,"Hardware Qualification Engineer, Platforms Infrastructure Engineering",Google,"Sunnyvale, CA 
(Lakewood area)",N/A,https://www.indeed.com/rc/clk?jk=3d0a432c0b3be55f&bb,14|Software Engineer|0kf%3Aexplvl(ENTRY_LEVEL)|(fulltime)|California,3714416745af90d65b6513998f022aff93ead01507cb1ef610383c290d4ed01b
03/11/24,No,"Firmware Engineer, Memory Subsystem – New College Grad 2024",NVIDIA,"Santa Clara, CA 95051","$104,000 - $189,750 a year",https://www.indeed.com/rc/clk?jk=171dd20a3c0cc147&bb,14|Software Engineer|0kf%3Aexplvl(ENTRY_LEVEL)|(fulltime)|California,74bac91d156419122dc8079308794b04e6f375b3dd4d3e265c4186474cea7e8b
03/05/24,No,"Software Dev Engineer - Compiler, Annapurna Labs",Annapurna Labs (U.S.) Inc.,"Cupertino, CA",N/A,https://www.indeed.com/rc/clk?jk=a5df92e7e05bf589&bb,14|Software Engineer|0kf%3Aexplvl(ENTRY_LEVEL)|(fulltime)|California,d37be7d29e17da690622e6c0e51aa5e16901502e7eefe60f48d41806b973ffb0
03/07/24,No,Software Engineer/ Coder/ System Administrator,"Micro Quality Calibration, Inc.","Chatsworth, CA 91311",N/A,https://www.indeed.com/rc/clk?jk=31a4c17b805a9c4f&bb,14|Software Engineer|0kf%3Aexplvl(ENTRY_LEVEL)|(fulltime)|California,e0d87975f7bd1519cbc7ff6f0e3d538c5c4a9016d86382fc361099533bec4c54
03/08/24,No,Node.js Developer,Techiumph Technologies,"Willits, CA 95490",N/A,https://www.indeed.com/rc/clk?jk=bb65124a097d2b12&bb,14|Software Engineer|0kf%3Aexplvl(ENTRY_LEVEL)|(fulltime)|California,9e0bddef966e4ed84fa52e78b912d5bf8fbf34acc6feb13332c85a03815becf6
03/08/24,No,Augmented & Virtual Reality Engineer,CBS Television Stations,"San Francisco, CA 94111 
(Financial District area)","$130,000 - $150,000 a year",https://www.indeed.com/rc/clk?jk=41e4c55c6d5d47dc&bb,14|Software Engineer|0kf%3Aexplvl(ENTRY_LEVEL)|(fulltime)|California,8dbfcd2500c8d740c0ce07b6ac5b0006f9162ae32d9352b83a9373d12f984cb2
03/08/24,No,Junior Full Stack Developer,SpanIdea Systems,"Santa Clara, CA 95050",N/A,https://www.indeed.com/rc/clk?jk=29b1066ddda979b5&bb,14|Software Engineer|0kf%3Aexplvl(ENTRY_LEVEL)|(fulltime)|California,6fc72b4f7adc35920beddbed053cb50fca5103889f7e745bf54cca4f98ba7b84
03/12/24,No,QA Automation Engineer,Preferred Travel Group,"Newport Beach, CA 92660",$35 - $45 an hour,https://www.indeed.com/rc/clk?jk=b1cb24bd20f099ee&bb,14|Software Engineer|0kf%3Aexplvl(ENTRY_LEVEL)|(fulltime)|California,83e9e745375d57e4d52d19d26de0830beb0a306f3ea97302ce2acba014ffd67a
03/06/24,No,Streaming Media QE Web Automation Engineer,Apple,"Cupertino, CA","$114,400 - $199,500 a year",https://www.indeed.com/rc/clk?jk=f46bd0b2038f56e0&bb,14|Software Engineer|0kf%3Aexplvl(ENTRY_LEVEL)|(fulltime)|California,e778a6330f63f0feefc31433aca06c9b3c58c99592874fff04d17b51313ac6f3
02/28/24,No,Software Engineer - Data Platform,Hadrian,"Los Angeles, CA",N/A,https://www.indeed.com/rc/clk?jk=be5ffcdad76dbb80&bb,14|Software Engineer|0kf%3Aexplvl(ENTRY_LEVEL)|(fulltime)|California,2ae11f55d41418e91c134076a905d23f57ca6d9b999d71779df1fccdf7944210
03/03/24,No,Software Engineer - MapKit Developer Platform - Apple Maps,Apple,"Cupertino, CA","$138,900 - $256,500 a year",https://www.indeed.com/rc/clk?jk=137efc69ab906583&bb,14|Software Engineer|0kf%3Aexplvl(ENTRY_LEVEL)|(fulltime)|California,84fc9181c0ed8f10a49f0fb7e3b6f642297e0e13b4dfcb1db63fe6a64bfde0be
03/06/24,No,Nuclear Software Developer Student Employee,Electric Power Research Institute,"Palo Alto, CA 94304",$27 - $34 an hour,https://www.indeed.com/rc/clk?jk=acca03b0e116a231&bb,14|Software Engineer|0kf%3Aexplvl(ENTRY_LEVEL)|(fulltime)|California,ac592263cc0b7198ef15546448183e666f973e0e93f20fb7130fbe7c9fce87e7
03/10/24,No,Large-Scale Developer Tools Engineer,Apple,"Cupertino, CA","$138,900 - $256,500 a year",https://www.indeed.com/rc/clk?jk=f49b405498d19c57&bb,14|Software Engineer|0kf%3Aexplvl(ENTRY_LEVEL)|(fulltime)|California,ab39d2ca209a50a104ea7c3ff8d95c5b5a37c4db520e47d0a5860d49fe3a2b28
03/06/24,No,"AT&T - B2B Sales Development Program - Summer 2024 - West, application via RippleMatch",RippleMatch Opportunities,"Sacramento, CA","$57,000 a year",https://www.indeed.com/rc/clk?jk=5689530ce11a09a9&bb,14|Software Engineer|0kf%3Aexplvl(ENTRY_LEVEL)|(fulltime)|California,8e0c2853b49011e53014df949b895fade06357c1a9a001586ae40d96d41a47be
03/05/24,No,Junior Business & Technology Analyst - Application Developer,Axos Bank,"San Diego, CA 92122 
(University City area)",N/A,https://www.indeed.com/rc/clk?jk=6ec08b133abfdf81&bb,14|Software Engineer|0kf%3Aexplvl(ENTRY_LEVEL)|(fulltime)|California,1fd7ca6efecb4d4c0c5716096c251b009db524d751c7d98c7cc4b636b0b1ea9f
02/29/24,No,$300k-$1mm Low Latency Software Engineer (C++/Java),Fionics,"San Francisco, CA 94103 
(South Of Market area)",N/A,https://www.indeed.com/rc/clk?jk=33bbb4997f093523&bb,14|Software Engineer|0kf%3Aexplvl(ENTRY_LEVEL)|(fulltime)|California,5ae6b476712a17c552123acd96b2f917598ed2b416b86b9cb7273adf9e76dda6
03/12/24,No,"Software Engineer I, AIX",Alphatec Spine,"Carlsbad, CA",N/A,https://www.indeed.com/rc/clk?jk=e2246d3f38c8d4c3&bb,14|Software Engineer|0kf%3Aexplvl(ENTRY_LEVEL)|(fulltime)|California,03f0ba2a99d72deb792fe97da3c0489581493aebebf96ddc6d58b667a8414498
03/09/24,No,Solutions/Software Analyst/Scientist/Engineer - Workflow,Fulgent Therapeutics Llc,"El Monte, CA 91731",N/A,https://www.indeed.com/rc/clk?jk=7b25e8242fa3023c&bb,14|Software Engineer|0kf%3Aexplvl(ENTRY_LEVEL)|(fulltime)|California,91edf5253d2fe7d509a3cc8099a62679144c1c771bf4d1b01a2af9f8fa95fffc
03/06/24,No,CoreOS Darwin Virtual Memory Engineer,Apple,"Cupertino, CA","$138,900 - $256,500 a year",https://www.indeed.com/rc/clk?jk=93d2d9a8600fbb70&bb,14|Software Engineer|0kf%3Aexplvl(ENTRY_LEVEL)|(fulltime)|California,0ee5d96bddf249540b91d6a6fbd603659fcf3f26f672544f712362c67516f002
03/08/24,No,Software QA Engineer,Maersk Logistics & Services,"Los Angeles, CA 90731 
(Terminal Island area)","$155,000 - $165,000 a year",https://www.indeed.com/rc/clk?jk=efc9eac92c242ec6&bb,14|Software Engineer|0kf%3Aexplvl(ENTRY_LEVEL)|(fulltime)|California,bef5d914b84315fbf31cc1ea42b6088fcfdd89a17c1bc005a61369221f821cdd
03/11/24,No,IT Technician / DevOps,PeakLogic,"San Diego, CA 92130 
(Carmel Valley area)",N/A,https://www.indeed.com/rc/clk?jk=ca32d3478eb6b87f&bb,14|Software Engineer|0kf%3Aexplvl(ENTRY_LEVEL)|(fulltime)|California,b0a4512c96c0687428ccbc769287d94da078ff38336424e9fe4b9aaa9c088ae9
02/29/24,No,Application Development Technician,Resonetics,"San Diego, CA 92121 
(Sorrento Valley area)",N/A,https://www.indeed.com/rc/clk?jk=20ae7a1111875967&bb,14|Software Engineer|0kf%3Aexplvl(ENTRY_LEVEL)|(fulltime)|California,cc27f344c85412b381b023f3e77ce4b45c3bd489ca24b9a3a3a04f2aeaf84b52
03/08/24,No,Software Engineer,Sigma Defense,"San Diego, CA",N/A,https://www.indeed.com/rc/clk?jk=b36fee2b39b7f48e&bb,14|Software Engineer|0kf%3Aexplvl(ENTRY_LEVEL)|(fulltime)|California,283d9e357c2f1af8846d5d40647a1c2bfffff2b0686feb3fb6d325e47a50fb3e
03/06/24,No,Swift Platform Experience Integration Engineer,Apple,"Cupertino, CA","$107,500 - $223,500 a year",https://www.indeed.com/rc/clk?jk=175482a6cf4a570c&bb,14|Software Engineer|0kf%3Aexplvl(ENTRY_LEVEL)|(fulltime)|California,d64deae28c968cef8d1cf4cb9655c155db1f2120524cdb23218e86be2e19cb2c
02/28/24,No,Full Stack Developer,Sensor Tower,"Hybrid remote in Culver City, CA",N/A,https://www.indeed.com/rc/clk?jk=a0eee0d6d65c5afe&bb,14|Software Engineer|0kf%3Aexplvl(ENTRY_LEVEL)|(fulltime)|California,38c5a58d6d14aee65bae64559c373456d2dd96967a3f9ab90c4b33d0a4909e92
03/08/24,No,API Review & Design Engineer,Apple,"San Diego, CA","$131,500 - $243,300 a year",https://www.indeed.com/rc/clk?jk=32adb78a64f7c249&bb,14|Software Engineer|0kf%3Aexplvl(ENTRY_LEVEL)|(fulltime)|California,a78ed6d6178b5ca837edc678934a80d703ba73ebd653b806e00f7cc3de103d66
03/06/24,No,"Verizon - Business Sales Acceleration Development Program 2024, application via RippleMatch",RippleMatch Opportunities,"Irvine, CA","$64,000 - $119,000 a year",https://www.indeed.com/rc/clk?jk=8b5f6f489f005759&bb,14|Software Engineer|0kf%3Aexplvl(ENTRY_LEVEL)|(fulltime)|California,46e7d67651d64007b7e09ce3960523d0ac896f0afca15859816a3f9cc4fe78a2
03/08/24,No,Application Development & Support Supervisor,CALIFORNIA STATE LOTTERY,"Hybrid remote in Sacramento, CA 95811","$8,016 - $10,741 a month",https://www.indeed.com/rc/clk?jk=cb523c793c17ea3c&bb,14|Software Engineer|0kf%3Aexplvl(ENTRY_LEVEL)|(fulltime)|California,52c61b07c7e3153c731c39e05514a8a1bf53f0bb2d58b04ace683fd9c6ebd4d0
03/06/24,No,MAGENTO DEVELOPER,Coalition Technologies,"Culver City, CA 90232",$15 - $35 an hour,https://www.indeed.com/rc/clk?jk=7c0a963f0f6bfd9a&bb,14|Software Engineer|0kf%3Aexplvl(ENTRY_LEVEL)|(fulltime)|California,91013f4fb5351343dbe8e151a14b675eebae594422e4d42fab9fdbd4c134a41c
03/07/24,No,Forms Developer/Programmer - Call Center,The Exchange,"Fresno, CA 93726 
(Hoover area)",$20 - $22 an hour,https://www.indeed.com/rc/clk?jk=4042098fff180338&bb,14|Software Engineer|0kf%3Aexplvl(ENTRY_LEVEL)|(fulltime)|California,6ee11596d713d28735aca4fae88d6ff018c18205cb8152501173a7eb2f913a93
03/12/24,No,Epic Bridges Analyst/ Interface Developer,HiPaaS Inc,"Hybrid remote in Oakland, CA 94612",$90 - $100 an hour,https://www.indeed.com/rc/clk?jk=352407bfec58ccaf&bb,14|Software Engineer|0kf%3Aexplvl(ENTRY_LEVEL)|(fulltime)|California,4b29b2d8c521b731b4fff1a3ba9f9ae95829054fbfda07cb34dfae407528a7ae
03/09/24,No,INDUSTRIAL PROGRAMMER/ SCADA,Joseph Gallo Cheese Company LP,"Atwater, CA 95301",$27 - $36 an hour,https://www.indeed.com/rc/clk?jk=78948a6dfd4dfdd6&bb,14|Software Engineer|0kf%3Aexplvl(ENTRY_LEVEL)|(fulltime)|California,3c60502f9ccec7134f3df212580707224c5071f203a9dac7a5e2f269148fd77b
03/07/24,No,HIM Specialty Coder III - Health Information - F/T Days,UC Irvine Health,"Orange, CA",$44.42 - $58.63 an hour,https://www.indeed.com/rc/clk?jk=1f38805aa667089a&bb,14|Software Engineer|0kf%3Aexplvl(ENTRY_LEVEL)|(fulltime)|California,285a0655299e1bf7cc60f0a2075e92a249adffa63d98aaa3de736e38c3789247
03/07/24,No,Web Developer/SEO Specialist,Leaktronics,"Agoura Hills, CA 91301 
(Historic Quarter area)",N/A,https://www.indeed.com/rc/clk?jk=9f7e563008ea2678&bb,14|Software Engineer|0kf%3Aexplvl(ENTRY_LEVEL)|(fulltime)|California,b97112950ac1840163471b8315634ccc42e3d7c8606f1c47591ef13b59cf8f5c
02/28/24,No,"Research Scientist, Sensors and Systems Research (PhD)",Meta,"Burlingame, CA 94010","$117,000 - $173,000 a year",https://www.indeed.com/rc/clk?jk=d8fd97e8fb2a09a3&bb,14|Software Engineer|0kf%3Aexplvl(ENTRY_LEVEL)|(fulltime)|California,41440b91057ddd739521b423c3933e65b6638c2a45dc6226ba3988b2fed2ae47
03/11/24,No,Web Developer,"ADM Flooring, Inc.","Los Angeles, CA 90058",N/A,https://www.indeed.com/rc/clk?jk=b8bfc9377d448fb8&bb,14|Software Engineer|0kf%3Aexplvl(ENTRY_LEVEL)|(fulltime)|California,c49866434621842a14e8aed41d2d7f1d8b35699ccbe8067c7fcb667590b61efc
02/27/24,No,Windows Native Developer (Security and Authentication Focus),Oracle,"Santa Clara, CA 95054",N/A,https://www.indeed.com/rc/clk?jk=806f3b48d427a05a&bb,14|Software Engineer|0kf%3Aexplvl(ENTRY_LEVEL)|(fulltime)|California,de67a922a2ea4fa4371cf67324c8da1990c143df9ecfceb9bac9cebf88f6e8e7
03/05/24,No,SwiftUI Frameworks Widget Engineer,Apple,"Cupertino, CA","$132,300 - $241,500 a year",https://www.indeed.com/rc/clk?jk=26dfe70f0f404fd9&bb,14|Software Engineer|0kf%3Aexplvl(ENTRY_LEVEL)|(fulltime)|California,b9e074eb4dbd5ced45af14e69a33311085d4e8301b79a2caeca1922dbef14def
03/09/24,No,"Lancaster, Ca, Net Meter Surveyor",Net Meter Survey,"Lancaster, CA",N/A,https://www.indeed.com/rc/clk?jk=cff436510c1aa412&bb,14|Software Engineer|0kf%3Aexplvl(ENTRY_LEVEL)|(fulltime)|California,14badf4bd04e623d7d425b0ea30cff13fdafab2afc75c77edbbc940bf5be325d
03/05/24,No,IP System Validation Software Engineer,INTEL,"Folsom, CA","$91,500 - $137,436 a year",https://www.indeed.com/rc/clk?jk=b370da53543f0165&bb,14|Software Engineer|0kf%3Aexplvl(ENTRY_LEVEL)|(fulltime)|California,71bf0d9b3d4ff56f151f275ba3a1325648d90e31ce2295bab5b9e7c19d1ad035
02/29/24,No,Quantum Integrated Circuit (IC) Designer,Rigetti Computing,"Hybrid remote in Fremont, CA","$125,000 - $165,000 a year",https://www.indeed.com/rc/clk?jk=64dc1ceb4e0348a1&bb,14|Software Engineer|0kf%3Aexplvl(ENTRY_LEVEL)|(fulltime)|California,0ad707ac345bd10055ab2f898d9be5d723f69e0cb536750eddb23d581fdb6ced
03/01/24,No,Database Analyst/Programmer- Associate,Spathe Systems,"San Diego, CA 92155",N/A,https://www.indeed.com/rc/clk?jk=95d8eab5fd417278&bb,14|Software Engineer|0kf%3Aexplvl(ENTRY_LEVEL)|(fulltime)|California,c6f1554ed97b36e86d017d796d4dfb80ca323d54a54903124222156627ddf5d3
03/09/24,No,"Poway, Ca, Net Meter Surveyor",Net Meter Survey,"Poway, CA",N/A,https://www.indeed.com/rc/clk?jk=a236dd8c2f534c66&bb,14|Software Engineer|0kf%3Aexplvl(ENTRY_LEVEL)|(fulltime)|California,ca612f290388fac7c0f0883f02a33f6ff9fa6303ab67de7235f1bdce2b3f3900
03/11/24,No,"Founding Software Engineer, Seed Stage",Recruiting From Scratch,California,"$120,000 - $180,000 a year",https://www.indeed.com/rc/clk?jk=adc35429148c3645&bb,14|Software Engineer|0kf%3Aexplvl(ENTRY_LEVEL)|(fulltime)|California,ce4af2aacc8856f9844566c8289f9ac61c30b079b07e41f5382bcfc370c2932d
03/05/24,No,C++ Engineer for Elite HFT firm ($100k-$300k),Fionics,"San Francisco, CA 94103 
(South Of Market area)",N/A,https://www.indeed.com/rc/clk?jk=aa69f7456e5ee590&bb,14|Software Engineer|0kf%3Aexplvl(ENTRY_LEVEL)|(fulltime)|California,62f4f60515d5a8b7ad7f7af1e3601af3ae53bc76bf6a6b7b136ffd1fc635f039
03/06/24,No,LARAVEL DEVELOPER,Coalition Technologies,"Culver City, CA 90232",$15 - $35 an hour,https://www.indeed.com/rc/clk?jk=bcdf280dd3b9a4fb&bb,14|Software Engineer|0kf%3Aexplvl(ENTRY_LEVEL)|(fulltime)|California,106036a52b237a17fda4a3817162de7a0ce7cfc773ba3957b7425eda66a848ca
03/06/24,No,Licensed Mental Health Therapist (IOP/PHP),Foresight Mental Health,"Remote in Berkeley, CA","$100,000 a year",https://www.indeed.com/rc/clk?jk=7dd79c904214bb25&bb,14|Software Engineer|0kf%3Aexplvl(ENTRY_LEVEL)|(fulltime)|California,e0fdb8d9e5f3aaeb2caad17c3b8835c36ed5975d74e686a36e3416f96f28d7bb
